NAME,MInimizar
TYPE,MIN
N,2
VARS,X1,X2
M,3
Z,0.40000000000000002,0.5
R,0.29999999999999999,0.10000000000000001,<=,2.7000000000000002
R,0.5,0.5,=,6
R,0.59999999999999998,0.40000000000000002,>=,6
