NAME,pesadilla
TYPE,MAX
N,4
VARS,X1,X2,X3,X4
M,2
Z,2,3,-1,-12
R,-2,-9,1,9,<=,0
R,0.33000000000000002,1,-0.33000000000000002,-2,<=,-2
