NAME,prueba2
TYPE,MIN
N,2
VARS,X1,X2
M,5
Z,20,15
R,0.29999999999999999,0.40000000000000002,>=,2000
R,0.40000000000000002,0.20000000000000001,>=,1500
R,0.20000000000000001,0.29999999999999999,>=,500
R,1,0,<=,9000
R,0,1,<=,6000
