NAME,prueba7
TYPE,MAX
N,2
VARS,X1,X2
M,3
Z,0.29999999999999999,0.69999999999999996
R,15,30,<=,1000
R,1,0,>=,26
R,0,1,>=,13
